[
  {
    "id": "575afc83-cdc5-48e2-821a-e3aae7005683",
    "data": [
      {
        "text": "quit",
        "userDefined": false
      }
    ],
    "isTemplate": false,
    "count": 0
  },
  {
    "id": "e7618871-45bc-4b89-9c48-a1d76f7e881a",
    "data": [
      {
        "text": "bye",
        "userDefined": false
      }
    ],
    "isTemplate": false,
    "count": 0,
    "updated": 0
  },
  {
    "id": "7f0c1252-10f8-4de5-b6cf-27699de1f25c",
    "data": [
      {
        "text": "leave battleship",
        "userDefined": false
      }
    ],
    "isTemplate": false,
    "count": 0
  },
  {
    "id": "117e4a56-5fe0-49d9-83a6-0f529ffec343",
    "data": [
      {
        "text": "leave game",
        "userDefined": false
      }
    ],
    "isTemplate": false,
    "count": 0
  },
  {
    "id": "09cde389-fe21-476b-9a95-7a4efd876267",
    "data": [
      {
        "text": "leave",
        "userDefined": false
      }
    ],
    "isTemplate": false,
    "count": 0
  },
  {
    "id": "7b9b3aaf-c89a-4d0d-9afd-ea5ac403dd7c",
    "data": [
      {
        "text": "stop playing",
        "userDefined": false
      }
    ],
    "isTemplate": false,
    "count": 0,
    "updated": 1516490887
  },
  {
    "id": "6bd38429-aa4d-4d1b-875b-fc668b787271",
    "data": [
      {
        "text": "exit",
        "userDefined": false
      }
    ],
    "isTemplate": false,
    "count": 0,
    "updated": 1516490887
  }
]